ACCT 22400,Accounting for the Real World
ACCT 22500,Financial Accounting
ACCT 22600,Management Accounting
ACCT 30700,Commercial Law
ACCT 31500,Cost Analysis and Decision Making
ACCT 32000,Accounting Information Systems
ACCT 34500,Intermediate Accounting I
ACCT 34600,Intermediate Accounting II
ACCT 39700,Selected Topics in Accounting
ACCT 40200,Advanced Accounting
ACCT 40600,Auditing
ACCT 49300,Tax Accounting
ACCT 49400,Advanced Tax Accounting
ACCT 49600,Practicum in Tax Accounting
ACCT 49700,Selected Topics: Accounting
ACCT 49800,Internship with Academic Enhancement
ACCT 49900,Independent Study: Accounting
ANTH 10100,Anthropology of the World: Explorations in Cultural and Biological Diversity
ANTH 10300,Biological Anthropology
ANTH 10400,Cultural Anthropology
ANTH 10700,World Archaeology
ANTH 11500,"Box Office Archaeology: Movies, Mummies, and the Real Indiana Jones"
ANTH 19000,Selected Topics in Anthropology
ANTH 21100,Introduction to Primates
ANTH 22600,East Asia: Gender and Identity
ANTH 22800,Critical Issues in Asian America
ANTH 29000,Seminar in World Ethnography: Selected Topics
ANTH 30200,Ethnographic Field Methods
ANTH 30500,Archaeological Methods and Techniques
ANTH 30800,Methods in Field Primatology
ANTH 31100,Primate Behavior and Ecology
ANTH 31500,Animals & Human Exceptionalism
ANTH 32000,Anthropology of Religion
ANTH 33500,Women and Culture
ANTH 37000,Applied Anthropology
ANTH 47900,Anthropology Fieldwork/Research
ANTH 49500,Anthropology Capstone
ART 10100,Theory and Practice: Play and Exploration
ART 11000,Introduction to Drawing: Seeing the World
ART 14000,Introduction to Painting
ART 14100,Introduction to Painting: From Wilderness to Wasteland
ART 14200,Introduction to Painting: Identities Re-Imagined
ART 16100,Introduction to Print Media: Sustainable Practice
ART 21000,Intermediate Drawing
ART 21200,Figure Drawing
ART 26900,Intermediate Print Media: Selected Topics
ART 30000,Theory and Practice 3: Professional Practices
ART 32700,Graphic Design III
ART 32900,Advanced Graphic Design: Selected Topics
ART 40100,Theory and Practice: Professional Practices
ARTH 11100,Episodes in Western Art
ARTH 13500,Introduction to Visual Culture
ARTH 20100,Practicing Art History
ARTH 20500,Chemistry and Art
ARTH 21700,British Art and Architecture I: 1066-1660
ARTH 21800,British Art and Architecture II: 1660-1914
ARTH 31800,Memorable Cities
ARTH 48000,Senior Portfolio: Architectural Studies
ARTH 49000,Seminar: Art History
BIOL 10100,Plagues and Peoples
BIOL 10210,Biology of Sex
BIOL 11800,Island Biology
BIOL 20500,Biology of Aging
BIOL 21200,Conservation Biology
BIOL 30200,Research in Biology
BIOL 41100,Biology Seminar
BINT 10100,World of Business
BINT 39800,Internship for Credit
CHEM 10100,Chemistry and Your Body
CHEM 12100,Principles of Chemistry
CHEM 22100,Organic Chemistry
CHEM 22200,Organic Chemistry II
CHEM 23200,Quantitative Chemistry
CHEM 33100,Physical Chemistry: Thermodynamics and Kinetics
CHEM 34300,Inorganic Chemistry
CHEM 43200,Bio-Organic Chemistry
CHEM 44200,Computational Chemistry
CHIN 10100,Elementary Chinese I
CHIN 10200,Elementary Chinese II
CNPH 11100,Cinema Production 1
CNPH 20500,Photographic Currents
CNPH 20700,European Cinema
CNPH 30000,Fiction Film Theory
CNPH 30500,Contemporary Film Criticism
CNPH 44300,Photo Workshop
CMST 11000,Public Communication
CMST 11500,Business and Profesional Communication
CMST 14000,Small Group Communication
CMST 39500,Internship: Communication Studies
COMP 10700,Introduction to 2D Game Development
COMP 11500,Discrete Structures for Computer Science
COMP 17100,Principles of Computing Science I
COMP 17200,Principles of Computer Science II
COMP 20500,Advanced Web Programming
COMP 22000,Introduction to Data Structures
COMP 30600,Mobile Development
CSCR 10600,Introduction to African Diaspora Studies
CSCR 11000,Introduction to Asian American Studies
CSCR 21100,American Gangster: Social Portrayals of Gangs
CSCR 25600,The Politics of Whiteness
DNCE 10000,Introduction to Dance
DNCE 11100,Ballet I
DNCE 13100,Jazz Dance I
DNCE 30100,Survey of Dance History
DOCU 10100,Documentary Immersion
ECON 12000,Principles of Economics
ECON 20100,Micro Analysis
ECON 30100,Labor Economics
EDUC 10000,Education and Society
EDUC 21010,Educational Psychology
EDUC 34100,Science, Technology, and Society